metric,mean,median,n_songs
root,87.87376645559245,90.47754458773647,180
majmin,87.24781224226867,89.83327934888581,180
