metric,mean,median,n_songs
root,87.22006741428395,89.840072534548,180
thirds,85.63261303863865,88.3260317225822,180
triads,83.54364670406096,86.77759252064551,180
sevenths,77.6054302249636,81.52725855554547,180
tetrads,73.81340309174018,78.07449791731418,180
mirex,86.0110594709548,88.86405131549768,180
majmin,86.64584134049733,89.2640705230877,180
